AvgFollower,AvgAttention,V_count,AvgHisVol,TotalLikes,TotalComments,TotalForwards,TotalPosts
3368598.0714285714,0.07299447599665292,8,31551.214285714286,150625,4685,1250,14
